Time,aMag,gMag,ang,bpm,but
1719645027,9.382647884779951,779.8819102460823,170.93356876027656,97.27114444588511,0
1719645028,5.41655844063135,650.3718378966688,53.99798128729175,94.58123254470034,0
1719645030,14.108087799163556,491.70573224876233,33.36254206380464,95.73113257288027,0
1719645031,10.13919179487349,477.5269662283773,172.0575668542027,83.89031277879612,0
1719645033,12.081579228911147,775.3904593173057,52.718890577216314,75.25620104324746,1
