Time,aMag,gMag,ang,bpm,but
1719640565,11.375023709963651,668.6624293784931,84.44039056654424,66.84766615235142,0
