Time,aMag,gMag,ang,bpm,but
1719628979,11.308670056099078,271.3612573265544,165.8379370788207,69.47189183866277,0
1719628980,9.569152086412446,305.199744568739,42.09432073162962,65.77961698691095,1
1719628982,8.184430786423471,562.7946910011109,139.92433500971046,69.8115311747807,0
1719628983,7.954425706527381,574.2999017636614,96.859977498571,89.24033272211722,1
