Time,aMag,gMag,ang,bpm,but
1719636935,13.19152044004966,476.903613848397,124.71278866055923,80.24353586464845,1
