Time,aMag,gMag,ang,bpm,but
1719642757,9.189076450953799,669.3010348797274,130.57430391391813,67.86381235600419,1
1719642758,7.885675185992166,504.69820209998227,161.3904732367182,99.11550921739214,1
1719642759,3.381411820521367,269.27875135354986,80.51504175713399,74.4648127644424,1
1719642761,8.45475248328833,546.9699935372527,171.88499608036454,65.964181024711,1
1719642762,9.41400368766365,605.4672747384578,169.151312579536,68.59610649826278,1
