Time,aMag,gMag,ang,bpm,but
1719642435,5.171745725540728,273.2065167368196,121.31814960969201,89.80452124841314,1
1719642436,8.899017379990129,480.54925715493687,109.76957208988131,75.30418816643837,1
1719642437,10.92730082496115,595.7675260355619,111.87734829973981,95.69540660775925,0
