Time,aMag,gMag,ang,bpm,but
1719627947,11.043926898264232,510.533394954201,132.4262223136241,80.0783136818172,1
1719627948,10.971260847046171,673.9000823236241,175.2715024748159,98.06354185489181,1
1719627949,9.560869664281828,518.6019559237479,140.02385230619274,94.23371734254862,0
1719627951,8.217351327409984,238.31987257789987,102.0435688620054,76.59660245161064,1
