Time,aMag,gMag,ang,bpm,but
1719619574,13.434642660108366,540.3508159085499,172.57382939271037,86.76773642869296,1
1719619575,9.436053322700278,385.17620352464843,69.73405180814822,85.90884972634645,0
1719619576,5.0346353549924325,552.7560989870576,110.88958147523837,64.21168948549648,0
1719619578,9.540221993233276,725.9496543930288,91.8607217190322,80.35822477819926,1
1719619579,9.03583657306217,417.9598289853774,140.56513714854924,85.38792211452234,0
1719619580,10.473991732434065,646.6352466322857,37.16810862358685,73.00237541699633,0
