Time,aMag,gMag,ang,bpm,but
1719626739,9.268697070429006,266.29075558086674,137.64337977803265,67.93827376769929,1
1719626741,12.190794997775592,512.6407531446397,63.92647229194224,98.7000469238593,1
1719626742,6.803202471844382,146.7128076723653,125.6048988911144,82.48185615339386,1
1719626743,10.12264851967902,577.6395051289152,117.84690065597205,96.88643863715707,0
1719626744,12.37609491742103,655.6124630140126,92.18262904375099,97.73261615611605,0
