Time,aMag,gMag,ang,bpm,but
1719619827,11.699890721602204,412.24878724216,97.48316834403248,98.97404598265433,1
1719619829,12.978053243953859,536.2107179023417,49.581966568390584,77.02084843828439,0
1719619830,9.129947824233948,682.9454665422779,60.924479337502476,85.54840814024803,0
1719619831,9.741977874575861,517.6445787467893,97.89460911460685,64.79525700245415,0
1719619833,10.12185696662365,497.88002693645996,45.117537442292615,86.68121164133441,0
