Time,aMag,gMag,ang,bpm,but
1719649603,13.268545387622298,529.5133718013907,43.78077526323611,98.10206384636786,1
1719649605,8.470442386470312,751.0105779924272,4.036027130577587,83.18737433204939,1
1719649606,10.695871079045368,567.8615724809696,79.57065818119135,65.21077178129836,0
1719649607,6.8672054271587175,417.4427340298393,168.99863202743958,71.29530902127304,1
1719649608,9.764618990151812,461.4521501513909,70.9869126948583,82.96323193349302,0
