Time,aMag,gMag,ang,bpm,but
1719642649,12.675883665394828,491.21940578008144,38.452599166433515,62.70244188473345,0
1719642650,10.579069724900933,500.4829394831367,162.74486500270243,73.24055733633533,1
1719642652,10.092548518267744,445.6568084751714,146.00520366401005,75.36781992651552,1
1719642653,14.20675146640006,496.2995547247541,60.585148125152585,74.19966040872367,0
1719642654,14.385129855796611,338.6943968549232,131.68746508994383,78.39419668627812,1
