Time,aMag,gMag,ang,bpm,but
1719626821,8.251862276673467,397.7062831456989,98.2908020897921,72.1805044860484,0
1719626823,11.302908829344045,429.50840873158535,9.542794904200404,62.23657036833141,1
1719626824,12.771990993842309,694.5451509168108,53.97961401140523,66.91897278579121,0
1719626825,3.0134753339541387,552.107657226939,103.8072313215331,60.11878175658534,1
1719626827,14.973207871790128,377.15345636105627,139.16607459945723,73.73503529720446,0
