Time,aMag,gMag,ang,bpm,but
1719619718,7.811056876329929,572.4093695148786,91.95340684836222,66.88201422945474,1
1719619720,9.872146103228365,271.73129765179874,163.68828528240536,92.99712324559879,1
1719619721,12.076361449837744,464.5960357318973,3.556170461548691,73.34885650957908,0
1719619722,11.065256569431677,339.79129894274405,156.81589384494305,69.61354713143285,1
1719619724,5.029600980969636,412.5516235809679,174.0093388577387,97.32771334146923,0
