Time,aMag,gMag,ang,bpm,but
1719610756,14.369018119781906,484.1288588765571,11.06907491190799,95.84109094289522,0
1719610762,12.592736012866231,521.349172674547,48.027721632631994,89.55378733370634,2
1719610767,10.920853629650145,720.2732657236518,11.609945536476209,69.14744725799216,2
1719610772,10.735998606776322,659.3632675083874,44.11200347556953,67.96936459376107,0
1719610777,11.129674571452119,557.8186915035576,102.60130549796396,85.37842309627871,2
1719610783,9.808552527225245,372.02770522564566,127.82165963955066,75.16833778009051,2
1719610788,4.6391863061224985,314.0057246295558,17.418508942698185,95.79539836657332,1
