Time,aMag,gMag,ang,bpm,but
1719649474,6.5293063133662885,555.7192975368204,105.04115746629301,72.08144869944735,0
1719649512,11.015036386796643,478.1855376559445,125.36346812085462,98.41741961846546,1
1719649514,8.888974132084222,498.7947697436531,85.25770530490225,63.16854271123354,1
