Time,aMag,gMag,ang,bpm,but
1719643802,11.833485911376187,712.0814248737508,109.2588426986579,92.36825032869521,0
1719643804,14.91443517739349,564.9667347549404,28.970882344760657,77.33129296729308,0
1719643805,7.789049831408096,470.60374682876557,158.94109653796633,60.35807156205039,1
1719643806,11.003372423556636,125.95422476983647,155.56099601515322,94.69645321374637,1
