Time,aMag,gMag,ang,bpm,but
1719644823,12.92707277263418,565.593571819182,51.245883093812424,71.63738299878621,0
1719644824,11.773517093041598,613.5237728262781,81.63920137833854,66.39255250522575,0
1719644826,7.526318610072545,576.1032063845139,119.7449631264059,95.0979715808466,1
