Time,aMag,gMag,ang,bpm,but
1719638681,9.706795361003325,643.0341852001603,107.76883756725987,81.36533045388735,0
1719638682,11.261904260827572,560.4473449066724,111.31994695227706,96.78254405566632,0
1719638683,3.543552366894205,548.1663144232965,18.49468325781884,95.7717147716979,0
