Time,aMag,gMag,ang,bpm,but
1719637719,10.005916514348067,648.3844036912311,92.35318361318384,97.87172543740057,1
1719637720,3.495114068697434,300.2068445004533,156.1099252250226,70.26298372911893,0
1719637722,7.966778440914088,432.94833617204375,176.77631723617202,76.76293843919541,0
1719637723,6.669516375735817,558.6006157616748,25.29111654119815,89.3672932955985,1
1719637724,9.72131701435978,630.759025556995,122.09654371361707,65.02256462114693,0
1719637725,12.14781009141083,563.9424737914507,128.40865390721703,65.61844695376733,1
1719637727,4.745377280973178,598.9127329018731,19.412788252867493,77.79783310767208,1
1719637728,8.338381931783518,393.4652183644976,11.704046479253062,79.2774324786172,1
